[
    1,
    [
        "a3cd009f-0ab0-420d-9278-b9fdab939bbc"
    ],
    [
        "_effectAsset"
    ],
    [
        [
            "cc.Material",
            [
                "_name",
                "_states",
                "_defines",
                "_props"
            ],
            0,
            12
        ]
    ],
    [
        [
            0,
            0,
            1,
            2,
            3,
            4
        ]
    ],
    [
        [
            0,
            "missing-effect-material",
            [
                {
                    "rasterizerState": {},
                    "depthStencilState": {},
                    "blendState": {
                        "targets": [
                            {}
                        ]
                    }
                }
            ],
            [
                {
                    "USE_COLOR": true
                }
            ],
            [
                [
                    [
                        {},
                        "mainColor",
                        8,
                        [
                            4,
                            4278255615
                        ]
                    ]
                ],
                11
            ]
        ]
    ],
    0,
    0,
    [
        0
    ],
    [
        0
    ],
    [
        0
    ]
]
