{
  "__type__": "cc.SpriteFrame",
  "content": {
    "name": "OIP-C",
    "atlas": "",
    "rect": {
      "x": 0,
      "y": 0,
      "width": 273,
      "height": 273
    },
    "offset": {
      "x": 0,
      "y": 0
    },
    "originalSize": {
      "width": 273,
      "height": 273
    },
    "rotated": false,
    "capInsets": [
      0,
      0,
      0,
      0
    ],
    "vertices": {
      "rawPosition": [
        -136.5,
        -136.5,
        0,
        136.5,
        -136.5,
        0,
        -136.5,
        136.5,
        0,
        136.5,
        136.5,
        0
      ],
      "indexes": [
        0,
        1,
        2,
        2,
        1,
        3
      ],
      "uv": [
        0,
        273,
        273,
        273,
        0,
        0,
        273,
        0
      ],
      "nuv": [
        0,
        0,
        1,
        0,
        0,
        1,
        1,
        1
      ],
      "minPos": {
        "x": -136.5,
        "y": -136.5,
        "z": 0
      },
      "maxPos": {
        "x": 136.5,
        "y": 136.5,
        "z": 0
      }
    },
    "texture": "74c70f28-c8a9-4393-a97b-32944bc6b885@6c48a",
    "packable": true,
    "pixelsToUnit": 100,
    "pivot": {
      "x": 0.5,
      "y": 0.5
    },
    "meshType": 0
  }
}