{
  "imports": {
    "cce:/internal/x/cc": "./chunks/93/93ba276ea7b26ffcdc433fab14afc1ed6f05647b.js",
    "cce:/internal/x/prerequisite-imports": "./chunks/6d/6d8fd2b0177941b032ddc0733af48a561fb60657.js",
    "file:///C:/ProgramData/cocos/editors/Creator/3.8.3/resources/resources/3d/engine/editor/assets/tools/debug-view-runtime-control.ts": "./chunks/c8/c8b6a709c03b1f3a3069932b4b22bfbc5834b962.js",
    "file:///C:/cocoscreater/NewProject_1/assets/text/background.ts": "./chunks/62/62c9f8b0c6f037678efca78287c73dfa7b807d35.js",
    "file:///C:/cocoscreater/NewProject_1/assets/text/bullet.ts": "./chunks/5a/5a1a37a2ac31ac234574bed5c49e708b6dc32ef4.js",
    "file:///C:/cocoscreater/NewProject_1/assets/text/tank0.ts": "./chunks/6d/6d66c088ca886d5dbfbdfd827a6dc410b1b0da31.js",
    "file:///C:/cocoscreater/NewProject_1/assets/text/tank1.ts": "./chunks/e7/e731e39dcb54867190146164201c88374ed3eb4f.js",
    "file:///C:/cocoscreater/NewProject_1/assets/text/wall.ts": "./chunks/76/76f29188cb50fcfa32f3013f0c64d6d0c84445fc.js",
    "file:///C:/cocoscreater/NewProject_1/assets/text/wallbox.ts": "./chunks/7a/7a69f7b3daf9aa83853e8f490ef5867ebb53cc00.js"
  },
  "scopes": {
    "./chunks/93/93ba276ea7b26ffcdc433fab14afc1ed6f05647b.js": {
      "__unresolved_0": "cce:/internal/x/cc-fu/2d",
      "__unresolved_1": "cce:/internal/x/cc-fu/sorting",
      "__unresolved_10": "cce:/internal/x/cc-fu/physics-2d-box2d",
      "__unresolved_11": "cce:/internal/x/cc-fu/physics-2d-framework",
      "__unresolved_12": "cce:/internal/x/cc-fu/profiler",
      "__unresolved_13": "cce:/internal/x/cc-fu/spine",
      "__unresolved_14": "cce:/internal/x/cc-fu/tiled-map",
      "__unresolved_15": "cce:/internal/x/cc-fu/tween",
      "__unresolved_16": "cce:/internal/x/cc-fu/ui",
      "__unresolved_17": "cce:/internal/x/cc-fu/video",
      "__unresolved_18": "cce:/internal/x/cc-fu/webview",
      "__unresolved_2": "cce:/internal/x/cc-fu/animation",
      "__unresolved_3": "cce:/internal/x/cc-fu/audio",
      "__unresolved_4": "cce:/internal/x/cc-fu/base",
      "__unresolved_5": "cce:/internal/x/cc-fu/dragon-bones",
      "__unresolved_6": "cce:/internal/x/cc-fu/gfx-webgl",
      "__unresolved_7": "cce:/internal/x/cc-fu/gfx-webgl2",
      "__unresolved_8": "cce:/internal/x/cc-fu/intersection-2d",
      "__unresolved_9": "cce:/internal/x/cc-fu/particle-2d"
    },
    "./chunks/6d/6d8fd2b0177941b032ddc0733af48a561fb60657.js": {
      "__unresolved_0": "./chunks/c8/c8b6a709c03b1f3a3069932b4b22bfbc5834b962.js",
      "__unresolved_1": "./chunks/62/62c9f8b0c6f037678efca78287c73dfa7b807d35.js",
      "__unresolved_2": "./chunks/5a/5a1a37a2ac31ac234574bed5c49e708b6dc32ef4.js",
      "__unresolved_3": "./chunks/6d/6d66c088ca886d5dbfbdfd827a6dc410b1b0da31.js",
      "__unresolved_4": "./chunks/e7/e731e39dcb54867190146164201c88374ed3eb4f.js",
      "__unresolved_5": "./chunks/76/76f29188cb50fcfa32f3013f0c64d6d0c84445fc.js",
      "__unresolved_6": "./chunks/7a/7a69f7b3daf9aa83853e8f490ef5867ebb53cc00.js"
    },
    "./chunks/7a/7a69f7b3daf9aa83853e8f490ef5867ebb53cc00.js": {
      "cc": "./chunks/93/93ba276ea7b26ffcdc433fab14afc1ed6f05647b.js"
    },
    "./chunks/76/76f29188cb50fcfa32f3013f0c64d6d0c84445fc.js": {
      "cc": "./chunks/93/93ba276ea7b26ffcdc433fab14afc1ed6f05647b.js"
    },
    "./chunks/e7/e731e39dcb54867190146164201c88374ed3eb4f.js": {
      "cc": "./chunks/93/93ba276ea7b26ffcdc433fab14afc1ed6f05647b.js"
    },
    "./chunks/6d/6d66c088ca886d5dbfbdfd827a6dc410b1b0da31.js": {
      "cc": "./chunks/93/93ba276ea7b26ffcdc433fab14afc1ed6f05647b.js"
    },
    "./chunks/5a/5a1a37a2ac31ac234574bed5c49e708b6dc32ef4.js": {
      "cc": "./chunks/93/93ba276ea7b26ffcdc433fab14afc1ed6f05647b.js"
    },
    "./chunks/62/62c9f8b0c6f037678efca78287c73dfa7b807d35.js": {
      "cc": "./chunks/93/93ba276ea7b26ffcdc433fab14afc1ed6f05647b.js"
    },
    "./chunks/c8/c8b6a709c03b1f3a3069932b4b22bfbc5834b962.js": {
      "cc": "./chunks/93/93ba276ea7b26ffcdc433fab14afc1ed6f05647b.js"
    }
  }
}
