{
  "gizmos-infos": {
    "is2D": true,
    "is3DIcon": false,
    "iconSize": 2,
    "gridVisible": true,
    "gridColor": [
      166,
      166,
      166,
      255
    ],
    "transformToolName": "position",
    "pivot": "pivot",
    "coordinate": "local",
    "toolsVisibility3d": true
  },
  "__version__": "1.0.0",
  "builder": {
    "taskOptionsMap": {},
    "__version__": "1.3.8"
  },
  "snap-configs": {
    "position": {
      "x": 1,
      "y": 1,
      "z": 1
    },
    "rotation": 1,
    "scale": 1,
    "isPositionSnapEnabled": false,
    "isRotationSnapEnabled": false,
    "isScaleSnapEnabled": false
  },
  "rect-snap-configs": {
    "enableSnapping": true,
    "snapThreshold": 4
  },
  "camera-infos": {
    "500e8ecc-d000-4db5-b361-cbe43f810b3a": {
      "position": {
        "x": 709.1538256846338,
        "y": 265.9507970688985,
        "z": 5000
      },
      "rotation": {
        "x": 0,
        "y": 0,
        "z": 0,
        "w": 1
      },
      "viewCenter": {
        "x": 0,
        "y": 0,
        "z": 0
      },
      "contentRect": {
        "x": 69.1538256846339,
        "y": -94.0492029311015,
        "width": 894.6,
        "height": 503.2125
      },
      "scale": 0.6989062500000001
    },
    "7afd72ba-0b20-49ba-8497-8a53791162f0": {
      "position": {
        "x": 2154.486561105582,
        "y": 1081.6812830787676,
        "z": 5000
      },
      "rotation": {
        "x": 0,
        "y": 0,
        "z": 0,
        "w": 1
      },
      "viewCenter": {
        "x": 0,
        "y": 0,
        "z": 0
      },
      "contentRect": {
        "x": -3879.7483162497956,
        "y": -2312.575835433632,
        "width": 894.6,
        "height": 503.2125
      },
      "scale": 0.07412704495122968
    },
    "bfb03db4-b692-4744-8117-49b9ffa0f0ed": {
      "position": {
        "x": 518.0400921812832,
        "y": 270.87545197863,
        "z": 5000
      },
      "rotation": {
        "x": 0,
        "y": 0,
        "z": 0,
        "w": 1
      },
      "viewCenter": {
        "x": 0,
        "y": 0,
        "z": 0
      },
      "contentRect": {
        "x": 77.86671037656528,
        "y": 23.27792471347619,
        "width": 894.6,
        "height": 503.2125
      },
      "scale": 1.0161904796833985
    },
    "2018a3af-cb7d-4e17-9c8c-49264b55f149": {
      "position": {
        "x": 640,
        "y": 360,
        "z": 5000
      },
      "rotation": {
        "x": 0,
        "y": 0,
        "z": 0,
        "w": 1
      },
      "viewCenter": {
        "x": 0,
        "y": 0,
        "z": 0
      },
      "contentRect": {
        "x": 0,
        "y": 8.133196528262268e-14,
        "width": 894.6,
        "height": 503.2125
      },
      "scale": 0.6989062500000001
    },
    "56c94625-6c31-4bd5-90fe-90c9552fdc01": {
      "position": {
        "x": 553.7763374512051,
        "y": 413.4084600421994,
        "z": 5000
      },
      "rotation": {
        "x": 0,
        "y": 0,
        "z": 0,
        "w": 1
      },
      "viewCenter": {
        "x": 0,
        "y": 0,
        "z": 0
      },
      "contentRect": {
        "x": -376.76607363379355,
        "y": -110.02164619311229,
        "width": 894.6,
        "height": 503.2125
      },
      "scale": 0.48068738691711516
    },
    "988e9954-902b-43a9-a725-18b4b5ce72b7": {
      "position": {
        "x": 639.9999999999999,
        "y": 360,
        "z": 5000
      },
      "rotation": {
        "x": 0,
        "y": 0,
        "z": 0,
        "w": 1
      },
      "viewCenter": {
        "x": 0,
        "y": 0,
        "z": 0
      },
      "contentRect": {
        "x": 0,
        "y": 0,
        "width": 595,
        "height": 334.6875
      },
      "scale": 0.46484375
    },
    "d506c42d-a2d8-4de2-bff7-83bd68a68175": {
      "position": {
        "x": 306.4991743980935,
        "y": 563.5264382206103,
        "z": 5000
      },
      "rotation": {
        "x": 0,
        "y": 0,
        "z": 0,
        "w": 1
      },
      "viewCenter": {
        "x": 0,
        "y": 0,
        "z": 0
      },
      "contentRect": {
        "x": 79.06850341834752,
        "y": 368.58586309511367,
        "width": 877.9166666666666,
        "height": 752.5
      },
      "scale": 1.9300753563376025
    }
  },
  "camera-uuids": [
    "500e8ecc-d000-4db5-b361-cbe43f810b3a",
    "7afd72ba-0b20-49ba-8497-8a53791162f0",
    "bfb03db4-b692-4744-8117-49b9ffa0f0ed",
    "2018a3af-cb7d-4e17-9c8c-49264b55f149",
    "56c94625-6c31-4bd5-90fe-90c9552fdc01",
    "988e9954-902b-43a9-a725-18b4b5ce72b7",
    "d506c42d-a2d8-4de2-bff7-83bd68a68175"
  ],
  "camera": {
    "color": [
      48,
      48,
      48,
      255
    ],
    "fov": 28,
    "far": 10000,
    "near": 0.01,
    "wheelSpeed": 0.01,
    "wanderSpeed": 10,
    "enableAcceleration": true,
    "size": "__default_design__",
    "far2D": 10000,
    "near2D": 1,
    "wheelSpeed2D": 6,
    "iso": 0,
    "aperture": 19,
    "shutter": 7
  },
  "float-window": {
    "position": {
      "cc": {
        "Camera": {
          "dock": false,
          "top": null,
          "bottom": 10,
          "left": null,
          "right": 10
        }
      }
    }
  },
  "scene_view": {
    "isSceneLightOn": true,
    "output_device": "__default_design__"
  }
}
