{
  "19dac3cd-2b98-49aa-8932-2a39607f09cb": {
    "url": "db://assets/terrain.terrain",
    "value": {},
    "versionCode": 1
  },
  "8b0a60e8-c3e8-418a-a032-09ed1a47c217": {
    "url": "db://assets/cubemap.cubemap",
    "value": {},
    "versionCode": 1
  },
  "d506c42d-a2d8-4de2-bff7-83bd68a68175": {
    "url": "db://assets/scene-2d.scene",
    "value": {
      "depends": [
        "d506c42d-a2d8-4de2-bff7-83bd68a68175",
        "3932dc34-cf0a-417e-98c5-ac82fd120a58@f9941",
        "45828f25-b50d-4c52-a591-e19491a62b8c@f9941",
        "74c70f28-c8a9-4393-a97b-32944bc6b885@f9941",
        "c903a495-69a9-4bb1-8266-c5d8a692ee6f@f9941",
        "1a8fc1a3-80e2-4d20-9087-426d2162ba44@f9941"
      ],
      "dependScripts": [
        "3f68566e-2dce-4cb2-9ea6-e66931227e03",
        "00b0a97f-cb74-4b08-9aa1-acba8886084f",
        "20c591ef-2140-4806-bea8-a7519cd3af9d",
        "b50dccee-a23f-4bd3-aff8-f67067d0d69b"
      ]
    },
    "versionCode": 1
  },
  "2984e55f-abc7-4ed0-b040-aa58601483c9": {
    "url": "db://assets/cubemap.cubemap",
    "value": {},
    "versionCode": 1
  },
  "d1b64f0e-1975-4e6f-84f4-76cd8d3313cf": {
    "url": "db://assets/text/type.ts",
    "value": {},
    "versionCode": 1
  },
  "2018a3af-cb7d-4e17-9c8c-49264b55f149": {
    "url": "db://assets/uisence.scene",
    "value": {},
    "versionCode": 1
  },
  "ffff235f-dcfd-46a9-b164-1fec81014313": {
    "url": "db://assets/488e4cc1b6afa99548db30556b924aeb.jpg",
    "value": {},
    "versionCode": 1
  },
  "ffff235f-dcfd-46a9-b164-1fec81014313@6c48a": {
    "url": "db://assets/488e4cc1b6afa99548db30556b924aeb.jpg@6c48a",
    "value": {
      "depends": [
        "ffff235f-dcfd-46a9-b164-1fec81014313"
      ]
    },
    "versionCode": 1
  },
  "ffff235f-dcfd-46a9-b164-1fec81014313@f9941": {
    "url": "db://assets/488e4cc1b6afa99548db30556b924aeb.jpg@f9941",
    "value": {
      "depends": [
        "ffff235f-dcfd-46a9-b164-1fec81014313@6c48a"
      ]
    },
    "versionCode": 1
  },
  "2e86899f-ecc6-4cda-aa60-a277ed418bf9": {
    "url": "db://assets/photo",
    "value": {},
    "versionCode": 1
  },
  "9623e00b-d2db-4991-b1c8-503505fff18f": {
    "url": "db://assets/photo/488e4cc1b6afa99548db30556b924aeb.prefab",
    "value": {
      "depends": [],
      "dependScripts": []
    },
    "versionCode": 1
  },
  "3f68566e-2dce-4cb2-9ea6-e66931227e03": {
    "url": "db://assets/text/tank0.ts",
    "value": {},
    "versionCode": 1
  },
  "da66a686-fdaf-4c0f-a9b8-793763f22bcd": {
    "url": "db://assets/text",
    "value": {},
    "versionCode": 1
  },
  "b50dccee-a23f-4bd3-aff8-f67067d0d69b": {
    "url": "db://assets/text/background.ts",
    "value": {},
    "versionCode": 1
  },
  "3932dc34-cf0a-417e-98c5-ac82fd120a58": {
    "url": "db://assets/photo/488e4cc1b6afa99548db30556b924aeb.jpg",
    "value": {
      "depends": []
    },
    "versionCode": 1
  },
  "3932dc34-cf0a-417e-98c5-ac82fd120a58@6c48a": {
    "url": "db://assets/photo/488e4cc1b6afa99548db30556b924aeb.jpg@6c48a",
    "value": {
      "depends": [
        "3932dc34-cf0a-417e-98c5-ac82fd120a58"
      ]
    },
    "versionCode": 1
  },
  "3932dc34-cf0a-417e-98c5-ac82fd120a58@f9941": {
    "url": "db://assets/photo/488e4cc1b6afa99548db30556b924aeb.jpg@f9941",
    "value": {
      "depends": [
        "3932dc34-cf0a-417e-98c5-ac82fd120a58@6c48a"
      ]
    },
    "versionCode": 1
  },
  "52210cc6-fafb-46eb-8f40-20f26b5d1990": {
    "url": "db://assets/text/wall000.ts",
    "value": {},
    "versionCode": 1
  },
  "acd0e859-2f9d-48e7-86ef-f0f36fff76b5": {
    "url": "db://assets/text/wall.ts",
    "value": {},
    "versionCode": 1
  },
  "a3a221c4-de28-4f3d-86c5-f719a3aa9c66": {
    "url": "db://assets/text/camera.ts",
    "value": {},
    "versionCode": 1
  },
  "20c591ef-2140-4806-bea8-a7519cd3af9d": {
    "url": "db://assets/text/tank1.ts",
    "value": {},
    "versionCode": 1
  },
  "74c70f28-c8a9-4393-a97b-32944bc6b885": {
    "url": "db://assets/photo/OIP-C.jpg",
    "value": {
      "depends": []
    },
    "versionCode": 1
  },
  "74c70f28-c8a9-4393-a97b-32944bc6b885@6c48a": {
    "url": "db://assets/photo/OIP-C.jpg@6c48a",
    "value": {
      "depends": [
        "74c70f28-c8a9-4393-a97b-32944bc6b885"
      ]
    },
    "versionCode": 1
  },
  "74c70f28-c8a9-4393-a97b-32944bc6b885@f9941": {
    "url": "db://assets/photo/OIP-C.jpg@f9941",
    "value": {
      "depends": [
        "74c70f28-c8a9-4393-a97b-32944bc6b885@6c48a"
      ]
    },
    "versionCode": 1
  },
  "82d48581-f3d0-4eab-b2fe-5d5162bd67fd": {
    "url": "db://assets/text/CollisionHandler.ts",
    "value": {},
    "versionCode": 1
  },
  "fbe250b1-87fa-4ae2-ad8d-019463cf0bec": {
    "url": "db://assets/text/wallbox.ts",
    "value": {},
    "versionCode": 1
  },
  "56c94625-6c31-4bd5-90fe-90c9552fdc01": {
    "url": "db://assets/map/doublemap.scene",
    "value": {
      "depends": [
        "56c94625-6c31-4bd5-90fe-90c9552fdc01"
      ],
      "dependScripts": []
    },
    "versionCode": 1
  },
  "2f042a5a-a82b-4598-aa7c-1a66cd590fa9": {
    "url": "db://assets/map",
    "value": {},
    "versionCode": 1
  },
  "90a7d994-d70e-4787-b18c-d79a2721553c": {
    "url": "db://assets/map/alonemap1.scene",
    "value": {
      "depends": [
        "90a7d994-d70e-4787-b18c-d79a2721553c"
      ],
      "dependScripts": []
    },
    "versionCode": 1
  },
  "36291188-d37d-4b4f-a128-588f20d16162": {
    "url": "db://assets/map/alonemap2.scene",
    "value": {
      "depends": [
        "36291188-d37d-4b4f-a128-588f20d16162"
      ],
      "dependScripts": []
    },
    "versionCode": 1
  },
  "00b0a97f-cb74-4b08-9aa1-acba8886084f": {
    "url": "db://assets/text/bullet.ts",
    "value": {},
    "versionCode": 1
  }
}
