{
  "version": "1.0.0",
  "map": {
    "C:\\cocoscreater\\NewProject_1\\assets\\scene-2d.scene.meta": {
      "time": 1719814456107.5046
    },
    "C:\\cocoscreater\\NewProject_1\\assets\\scene-2d.scene": {
      "time": 1719978733298.8423,
      "uuid": "d506c42d-a2d8-4de2-bff7-83bd68a68175"
    },
    "C:\\cocoscreater\\NewProject_1\\assets\\photo.meta": {
      "time": 1719817358518.189
    },
    "C:\\cocoscreater\\NewProject_1\\assets\\photo": {
      "time": 1719890825755.9626,
      "uuid": "2e86899f-ecc6-4cda-aa60-a277ed418bf9"
    },
    "C:\\cocoscreater\\NewProject_1\\assets\\photo\\488e4cc1b6afa99548db30556b924aeb.prefab.meta": {
      "time": 1719817362008.4753
    },
    "C:\\cocoscreater\\NewProject_1\\assets\\photo\\488e4cc1b6afa99548db30556b924aeb.prefab": {
      "time": 1719817372231.084,
      "uuid": "9623e00b-d2db-4991-b1c8-503505fff18f"
    },
    "C:\\cocoscreater\\NewProject_1\\assets\\text.meta": {
      "time": 1719817843528.148
    },
    "C:\\cocoscreater\\NewProject_1\\assets\\text": {
      "time": 1719971676490.993,
      "uuid": "da66a686-fdaf-4c0f-a9b8-793763f22bcd"
    },
    "C:\\cocoscreater\\NewProject_1\\assets\\text\\background.ts.meta": {
      "time": 1719818065754.8135
    },
    "C:\\cocoscreater\\NewProject_1\\assets\\text\\background.ts": {
      "time": 1719888234980.8416,
      "uuid": "b50dccee-a23f-4bd3-aff8-f67067d0d69b"
    },
    "C:\\cocoscreater\\NewProject_1\\assets\\photo\\488e4cc1b6afa99548db30556b924aeb.jpg.meta": {
      "time": 1719819828737.2373
    },
    "C:\\cocoscreater\\NewProject_1\\assets\\photo\\488e4cc1b6afa99548db30556b924aeb.jpg": {
      "time": 1719817032014.719,
      "uuid": "3932dc34-cf0a-417e-98c5-ac82fd120a58"
    },
    "C:\\cocoscreater\\NewProject_1\\assets\\text\\tank0.ts.meta": {
      "time": 1719817834048.3762
    },
    "C:\\cocoscreater\\NewProject_1\\assets\\text\\tank0.ts": {
      "time": 1719978334024.7854,
      "uuid": "3f68566e-2dce-4cb2-9ea6-e66931227e03"
    },
    "C:\\cocoscreater\\NewProject_1\\assets\\text\\tank1.ts.meta": {
      "time": 1719887550882.8389
    },
    "C:\\cocoscreater\\NewProject_1\\assets\\text\\tank1.ts": {
      "time": 1719901063706.3171,
      "uuid": "20c591ef-2140-4806-bea8-a7519cd3af9d"
    },
    "C:\\cocoscreater\\NewProject_1\\assets\\photo\\OIP-C.jpg.meta": {
      "time": 1719890825779.0518
    },
    "C:\\cocoscreater\\NewProject_1\\assets\\photo\\OIP-C.jpg": {
      "time": 1719890816037.7456,
      "uuid": "74c70f28-c8a9-4393-a97b-32944bc6b885"
    },
    "C:\\cocoscreater\\NewProject_1\\assets\\text\\wall.ts.meta": {
      "time": 1719822093830.2454
    },
    "C:\\cocoscreater\\NewProject_1\\assets\\text\\wall.ts": {
      "time": 1719902783381.7856,
      "uuid": "acd0e859-2f9d-48e7-86ef-f0f36fff76b5"
    },
    "C:\\cocoscreater\\NewProject_1\\assets\\text\\wallbox.ts.meta": {
      "time": 1719908645514.97
    },
    "C:\\cocoscreater\\NewProject_1\\assets\\text\\wallbox.ts": {
      "time": 1719908645499.2996,
      "uuid": "fbe250b1-87fa-4ae2-ad8d-019463cf0bec"
    },
    "C:\\cocoscreater\\NewProject_1\\assets\\map.meta": {
      "time": 1719909876874.9436
    },
    "C:\\cocoscreater\\NewProject_1\\assets\\map": {
      "time": 1719909970256.716,
      "uuid": "2f042a5a-a82b-4598-aa7c-1a66cd590fa9"
    },
    "C:\\cocoscreater\\NewProject_1\\assets\\map\\doublemap.scene.meta": {
      "time": 1719909815504.949
    },
    "C:\\cocoscreater\\NewProject_1\\assets\\map\\doublemap.scene": {
      "time": 1719909894392.0686,
      "uuid": "56c94625-6c31-4bd5-90fe-90c9552fdc01"
    },
    "C:\\cocoscreater\\NewProject_1\\assets\\map\\alonemap1.scene.meta": {
      "time": 1719909931968.1702
    },
    "C:\\cocoscreater\\NewProject_1\\assets\\map\\alonemap1.scene": {
      "time": 1719909953995.7397,
      "uuid": "90a7d994-d70e-4787-b18c-d79a2721553c"
    },
    "C:\\cocoscreater\\NewProject_1\\assets\\map\\alonemap2.scene.meta": {
      "time": 1719909970272.8928
    },
    "C:\\cocoscreater\\NewProject_1\\assets\\map\\alonemap2.scene": {
      "time": 1719909970259.7168,
      "uuid": "36291188-d37d-4b4f-a128-588f20d16162"
    },
    "C:\\cocoscreater\\NewProject_1\\assets\\text\\bullet.ts.meta": {
      "time": 1719910329899.535
    },
    "C:\\cocoscreater\\NewProject_1\\assets\\text\\bullet.ts": {
      "time": 1719974905092.658,
      "uuid": "00b0a97f-cb74-4b08-9aa1-acba8886084f"
    }
  },
  "missing": {
    "8b0a60e8-c3e8-418a-a032-09ed1a47c217": {
      "path": "C:\\cocoscreater\\NewProject_1\\assets\\cubemap.cubemap",
      "time": 1719814422275.43,
      "removeTime": 1719814449803
    },
    "19dac3cd-2b98-49aa-8932-2a39607f09cb": {
      "path": "C:\\cocoscreater\\NewProject_1\\assets\\terrain.terrain",
      "time": 1719803417255.5315,
      "removeTime": 1719814452435
    },
    "2984e55f-abc7-4ed0-b040-aa58601483c9": {
      "path": "C:\\cocoscreater\\NewProject_1\\assets\\cubemap.cubemap",
      "time": 1719814463171.0571,
      "removeTime": 1719814467755
    },
    "ffff235f-dcfd-46a9-b164-1fec81014313": {
      "path": "C:\\cocoscreater\\NewProject_1\\assets\\488e4cc1b6afa99548db30556b924aeb.jpg",
      "time": 1719817032014.719,
      "removeTime": 1719817238669
    },
    "3f68566e-2dce-4cb2-9ea6-e66931227e03": {
      "path": "C:\\cocoscreater\\NewProject_1\\assets\\text\\tank.ts",
      "time": 1719820312010.4126,
      "removeTime": 1719820333857
    },
    "d1b64f0e-1975-4e6f-84f4-76cd8d3313cf": {
      "path": "C:\\cocoscreater\\NewProject_1\\assets\\text\\type.ts",
      "time": 1719817822223.2937,
      "removeTime": 1719822291398
    },
    "3932dc34-cf0a-417e-98c5-ac82fd120a58": {
      "path": "C:\\cocoscreater\\NewProject_1\\assets\\488e4cc1b6afa99548db30556b924aeb.jpg",
      "time": 1719817032014.719,
      "removeTime": 1719820032170
    },
    "52210cc6-fafb-46eb-8f40-20f26b5d1990": {
      "path": "C:\\cocoscreater\\NewProject_1\\assets\\text\\wall000.ts",
      "time": 1719822048427.8672,
      "removeTime": 1719822087578
    },
    "acd0e859-2f9d-48e7-86ef-f0f36fff76b5": {
      "path": "C:\\cocoscreater\\NewProject_1\\assets\\text\\wall0.ts",
      "time": 1719822740313.558,
      "removeTime": 1719901121883
    },
    "82d48581-f3d0-4eab-b2fe-5d5162bd67fd": {
      "path": "C:\\cocoscreater\\NewProject_1\\assets\\text\\CollisionHandler.ts",
      "time": 1719907966504.2063,
      "removeTime": 1719908613290
    },
    "56c94625-6c31-4bd5-90fe-90c9552fdc01": {
      "path": "C:\\cocoscreater\\NewProject_1\\assets\\map\\map.scene",
      "time": 1719909815499.4219,
      "removeTime": 1719909894389
    },
    "2018a3af-cb7d-4e17-9c8c-49264b55f149": {
      "path": "C:\\cocoscreater\\NewProject_1\\assets\\uisence.scene",
      "time": 1719815400927.6416,
      "removeTime": 1719909920707
    },
    "90a7d994-d70e-4787-b18c-d79a2721553c": {
      "path": "C:\\cocoscreater\\NewProject_1\\assets\\map\\alonemap.scene",
      "time": 1719909950104.885,
      "removeTime": 1719909953993
    },
    "a3a221c4-de28-4f3d-86c5-f719a3aa9c66": {
      "path": "C:\\cocoscreater\\NewProject_1\\assets\\text\\camera.ts",
      "time": 1719883734457.2185,
      "removeTime": 1719971676491
    }
  }
}
