[
    1,
    [
        "3932dc34-cf0a-417e-98c5-ac82fd120a58@6c48a"
    ],
    [
        "_textureSource"
    ],
    [
        "cc.SpriteFrame"
    ],
    0,
    [
        {
            "name": "488e4cc1b6afa99548db30556b924aeb",
            "rect": {
                "x": 0,
                "y": 0,
                "width": 650,
                "height": 651
            },
            "offset": {
                "x": 0,
                "y": 0
            },
            "originalSize": {
                "width": 650,
                "height": 651
            },
            "rotated": false,
            "capInsets": [
                0,
                0,
                0,
                0
            ],
            "vertices": {
                "rawPosition": [
                    -325,
                    -325.5,
                    0,
                    325,
                    -325.5,
                    0,
                    -325,
                    325.5,
                    0,
                    325,
                    325.5,
                    0
                ],
                "indexes": [
                    0,
                    1,
                    2,
                    2,
                    1,
                    3
                ],
                "uv": [
                    0,
                    651,
                    650,
                    651,
                    0,
                    0,
                    650,
                    0
                ],
                "nuv": [
                    0,
                    0,
                    1,
                    0,
                    0,
                    1,
                    1,
                    1
                ],
                "minPos": {
                    "x": -325,
                    "y": -325.5,
                    "z": 0
                },
                "maxPos": {
                    "x": 325,
                    "y": 325.5,
                    "z": 0
                }
            },
            "packable": true,
            "pixelsToUnit": 100,
            "pivot": {
                "x": 0.5,
                "y": 0.5
            },
            "meshType": 0
        }
    ],
    [
        0
    ],
    0,
    [
        0
    ],
    [
        0
    ],
    [
        0
    ]
]
