[
    1,
    [
        "24a704da-2867-446d-8d1a-5e920c75e09d@6c48a"
    ],
    [
        "_textureSource"
    ],
    [
        "cc.SpriteFrame"
    ],
    0,
    [
        {
            "name": "default_progressbar",
            "rect": {
                "x": 0,
                "y": 0,
                "width": 30,
                "height": 15
            },
            "offset": {
                "x": 0,
                "y": 0
            },
            "originalSize": {
                "width": 30,
                "height": 15
            },
            "rotated": false,
            "capInsets": [
                10,
                4,
                10,
                4
            ],
            "vertices": {
                "rawPosition": [
                    -15,
                    -7.5,
                    0,
                    15,
                    -7.5,
                    0,
                    -15,
                    7.5,
                    0,
                    15,
                    7.5,
                    0
                ],
                "indexes": [
                    0,
                    1,
                    2,
                    2,
                    1,
                    3
                ],
                "uv": [
                    0,
                    15,
                    30,
                    15,
                    0,
                    0,
                    30,
                    0
                ],
                "nuv": [
                    0,
                    0,
                    1,
                    0,
                    0,
                    1,
                    1,
                    1
                ],
                "minPos": {
                    "x": -15,
                    "y": -7.5,
                    "z": 0
                },
                "maxPos": {
                    "x": 15,
                    "y": 7.5,
                    "z": 0
                }
            },
            "packable": true,
            "pixelsToUnit": 100,
            "pivot": {
                "x": 0.5,
                "y": 0.5
            },
            "meshType": 0
        }
    ],
    [
        0
    ],
    0,
    [
        0
    ],
    [
        0
    ],
    [
        0
    ]
]
