{
  "500e8ecc-d000-4db5-b361-cbe43f810b3a": {
    "assetUuid": "500e8ecc-d000-4db5-b361-cbe43f810b3a",
    "animationUuid": "",
    "expandLevels": [
      "0"
    ]
  },
  "7afd72ba-0b20-49ba-8497-8a53791162f0": {
    "assetUuid": "7afd72ba-0b20-49ba-8497-8a53791162f0",
    "animationUuid": "",
    "expandLevels": [
      "0"
    ]
  },
  "b74f9e44-9ff5-4082-9dbd-03c2b4454bde": {
    "assetUuid": "b74f9e44-9ff5-4082-9dbd-03c2b4454bde",
    "animationUuid": "",
    "expandLevels": [
      "0"
    ]
  },
  "d506c42d-a2d8-4de2-bff7-83bd68a68175": {
    "assetUuid": "d506c42d-a2d8-4de2-bff7-83bd68a68175",
    "animationUuid": "",
    "expandLevels": [
      "0",
      "0_0",
      "0_0_2",
      "0_0_2_0",
      "0_0_2_3"
    ]
  },
  "2018a3af-cb7d-4e17-9c8c-49264b55f149": {
    "assetUuid": "2018a3af-cb7d-4e17-9c8c-49264b55f149",
    "animationUuid": "",
    "expandLevels": [
      "0",
      "0_0"
    ]
  },
  "9623e00b-d2db-4991-b1c8-503505fff18f": {
    "assetUuid": "9623e00b-d2db-4991-b1c8-503505fff18f",
    "animationUuid": "",
    "expandLevels": [
      "0"
    ]
  },
  "bfb03db4-b692-4744-8117-49b9ffa0f0ed": {
    "assetUuid": "bfb03db4-b692-4744-8117-49b9ffa0f0ed",
    "animationUuid": "",
    "expandLevels": [
      "0",
      "0_0"
    ]
  },
  "56c94625-6c31-4bd5-90fe-90c9552fdc01": {
    "assetUuid": "56c94625-6c31-4bd5-90fe-90c9552fdc01",
    "animationUuid": "",
    "expandLevels": [
      "0"
    ]
  },
  "988e9954-902b-43a9-a725-18b4b5ce72b7": {
    "assetUuid": "988e9954-902b-43a9-a725-18b4b5ce72b7",
    "animationUuid": "",
    "expandLevels": [
      "0",
      "0_0"
    ]
  },
  "fcb44091-4d1b-4bc0-906a-50971ab3ea30": {
    "assetUuid": "fcb44091-4d1b-4bc0-906a-50971ab3ea30",
    "animationUuid": "",
    "expandLevels": [
      "0",
      "0_0"
    ]
  }
}
