{
  "8b0a60e8-c3e8-418a-a032-09ed1a47c217": {
    "texture": {
      "mipfilter": "none"
    }
  },
  "2984e55f-abc7-4ed0-b040-aa58601483c9": {
    "texture": {
      "mipfilter": "none"
    }
  },
  "ffff235f-dcfd-46a9-b164-1fec81014313@6c48a": {
    "texture": {
      "mipfilter": "none"
    }
  },
  "3932dc34-cf0a-417e-98c5-ac82fd120a58@6c48a": {
    "texture": {
      "mipfilter": "none"
    }
  },
  "b730527c-3233-41c2-aaf7-7cdab58f9749@6c48a": {
    "texture": {
      "mipfilter": "none"
    }
  },
  "20835ba4-6145-4fbc-a58a-051ce700aa3e@6c48a": {
    "texture": {
      "mipfilter": "none"
    }
  },
  "b5b27ab1-e740-4398-b407-848fc2b2c897@6c48a": {
    "texture": {
      "mipfilter": "none"
    }
  },
  "afc47931-f066-46b0-90be-9fe61f213428@6c48a": {
    "texture": {
      "mipfilter": "none"
    }
  },
  "28765e2f-040a-4c65-8e8c-f9d0bb79d863@6c48a": {
    "texture": {
      "mipfilter": "none"
    }
  },
  "0da256a2-21f6-481b-90b6-d3643a09179b@6c48a": {
    "texture": {
      "mipfilter": "none"
    }
  },
  "45828f25-b50d-4c52-a591-e19491a62b8c@6c48a": {
    "texture": {
      "mipfilter": "none"
    }
  },
  "f12a23c4-b924-4322-a260-3d982428f1e8@6c48a": {
    "texture": {
      "mipfilter": "none"
    }
  },
  "951249e0-9f16-456d-8b85-a6ca954da16b@6c48a": {
    "texture": {
      "mipfilter": "none"
    }
  },
  "544e49d6-3f05-4fa8-9a9e-091f98fc2ce8@6c48a": {
    "texture": {
      "mipfilter": "none"
    }
  }
}
